filename,flight,hash
DJI_20241216220551_0033_T.JPG,Flight05,966b3992e23d1693
DJI_20241216220600_0036_T.JPG,Flight05,81d0516fecdc1bb4
DJI_20241216220603_0037_T.JPG,Flight05,dc7e347c5a40da83
DJI_20241216220606_0038_T.JPG,Flight05,fe09b678c33c8aa8
DJI_20241216220609_0039_T.JPG,Flight05,e8d81b2e061f3f52
DJI_20241216220618_0042_T.JPG,Flight05,c374381c8c7876bb
DJI_20241216220621_0043_T.JPG,Flight05,fcfe003963a24f1c
DJI_20241216220624_0044_T.JPG,Flight05,8e9f71e4c3b1c4c2
DJI_20241216220627_0045_T.JPG,Flight05,8f3cc4e237e5c00f
DJI_20241216220630_0046_T.JPG,Flight05,86f1f8e13ca6c925
DJI_20241216220633_0047_T.JPG,Flight05,d55e155417f046f2
DJI_20241216220636_0048_T.JPG,Flight05,c666b6582b364aad
DJI_20241216220639_0049_T.JPG,Flight05,f71cc4f33c076074
DJI_20241216220642_0050_T.JPG,Flight05,fff9a0a0f8a8a3a0
DJI_20241216220645_0051_T.JPG,Flight05,f1c155e1ce4c651b
DJI_20241216220648_0052_T.JPG,Flight05,e162b6c42a63c773
DJI_20241216220651_0053_T.JPG,Flight05,e3395ab669616e0c
DJI_20241216220654_0054_T.JPG,Flight05,e13cc1c8ccc84dbf
DJI_20241216220700_0056_T.JPG,Flight05,bdabd2e5091590b6
DJI_20241216220703_0057_T.JPG,Flight05,b75066a2d07cb6e4
DJI_20241216220706_0058_T.JPG,Flight05,f6e1398a8f29f481
DJI_20241216220709_0059_T.JPG,Flight05,ec4cc5a9f0e0dc78
DJI_20241216220712_0060_T.JPG,Flight05,c26c66d4b369b64c
DJI_20241216220715_0061_T.JPG,Flight05,f5ab86029e1f18bc
DJI_20241216220718_0062_T.JPG,Flight05,8e9e6cc30ee3ca25
DJI_20241216220721_0063_T.JPG,Flight05,b89c6edcf8059929
DJI_20241216220724_0064_T.JPG,Flight05,9c4961c701efe715
DJI_20241216220727_0065_T.JPG,Flight05,8be23c0b9658f5b2
DJI_20241216220730_0066_T.JPG,Flight05,845c0e6bf802bafd
DJI_20241216220733_0067_T.JPG,Flight05,ccf1b52ae346b885
DJI_20241216220736_0068_T.JPG,Flight05,e110d0a75f5b2b53
DJI_20241216220739_0069_T.JPG,Flight05,811770e90f3c7f83
DJI_20241216220742_0070_T.JPG,Flight05,858e9f1bc1b8bae0
DJI_20241216220745_0071_T.JPG,Flight05,84b85d1f30f03ced
DJI_20241216220748_0072_T.JPG,Flight05,907ec09fe21db18b
DJI_20241216220757_0075_T.JPG,Flight05,bb91934a4fa485d6
DJI_20241216220800_0076_T.JPG,Flight05,93ef3f8f90198708
DJI_20241216220803_0077_T.JPG,Flight05,83c0ec19e09f3ce7
DJI_20241216220806_0078_T.JPG,Flight05,807d2d3d96d2df08
DJI_20241216220809_0079_T.JPG,Flight05,807f92ca2dd7da28
DJI_20250323040826_0001_T.JPG,Flight06,e8ed2df1164a7264
DJI_20250323040828_0002_T.JPG,Flight06,e09587309e3cad3d
DJI_20250323040830_0003_T.JPG,Flight06,f2977b648114b595
DJI_20250323040832_0004_T.JPG,Flight06,d2977e4490dcb94a
DJI_20250323040834_0005_T.JPG,Flight06,d2977ec4909ce94a
DJI_20250323040836_0006_T.JPG,Flight06,9de2f9b161101e9b
DJI_20250323040838_0007_T.JPG,Flight06,a9e19186cee5921f
DJI_20250323040840_0008_T.JPG,Flight06,f1948e790ea59a4d
DJI_20250323040842_0009_T.JPG,Flight06,d01e3bc1e8cc6e53
DJI_20250323040844_0010_T.JPG,Flight06,da49e42f99bc13a8
DJI_20250323040846_0011_T.JPG,Flight06,cbe4b324e1d23e46
DJI_20250323040848_0012_T.JPG,Flight06,e72101d956fa0de3
DJI_20250323040850_0013_T.JPG,Flight06,c19d9eaf607221f2
DJI_20250323040852_0014_T.JPG,Flight06,999ef080bd61c35d
DJI_20250323040854_0015_T.JPG,Flight06,9bb2e56ec66045ac
DJI_20250323040856_0016_T.JPG,Flight06,93e1c930377b89c9
DJI_20250323040858_0017_T.JPG,Flight06,d3e51ecfcc32c184
DJI_20250323040900_0018_T.JPG,Flight06,e38fa0618f4fc62a
DJI_20250323040902_0019_T.JPG,Flight06,ef2e0a3660c6978d
DJI_20250323040904_0020_T.JPG,Flight06,c783d081bed2bf30
DJI_20250323040906_0021_T.JPG,Flight06,c3d0f67f09db9300
DJI_20250323040908_0022_T.JPG,Flight06,d3de6d80e669324c
DJI_20250323040910_0023_T.JPG,Flight06,c30e023d9cf670f6
DJI_20250323040912_0024_T.JPG,Flight06,c32639fc73098c9e
DJI_20250323040914_0025_T.JPG,Flight06,c32639f6630d8cf2
DJI_20250323040916_0026_T.JPG,Flight06,cb3c3c37300d9f26
DJI_20250323040918_0027_T.JPG,Flight06,c93c309bcc277ed0
DJI_20250323040920_0028_T.JPG,Flight06,f938cdce60cc06ce
DJI_20250323040922_0029_T.JPG,Flight06,f93cccc6248c87d9
DJI_20250323040924_0030_T.JPG,Flight06,e0c41fbab1019bed
DJI_20250323040926_0031_T.JPG,Flight06,e0ce1b6083bcfb45
DJI_20250323040928_0032_T.JPG,Flight06,e42f75bd2282b8d4
DJI_20250323040930_0033_T.JPG,Flight06,e3319848f4a6b27b
DJI_20250323040932_0034_T.JPG,Flight06,b118e7b3c964aa47
DJI_20250323040934_0035_T.JPG,Flight06,b84eed58f944670c
DJI_20250323040936_0036_T.JPG,Flight06,e844d1c3d85927bd
DJI_20250323040938_0037_T.JPG,Flight06,c81b9b3c2658a5db
DJI_20250323040940_0038_T.JPG,Flight06,da1fa6c5a40cbf42
DJI_20250323040942_0039_T.JPG,Flight06,9fb4e81ad42d439c
DJI_20250323040944_0040_T.JPG,Flight06,bee943a70a360db8
DJI_20250323040946_0041_T.JPG,Flight06,fa63968ec10edda0
DJI_20250323040948_0042_T.JPG,Flight06,e18e9973d242b5a9
DJI_20250323040950_0043_T.JPG,Flight06,e79d534c48c6bc4a
DJI_20250323040952_0044_T.JPG,Flight06,cd4ee4f3e7c0281a
DJI_20250323040954_0045_T.JPG,Flight06,ef62b30ea74c1a23
DJI_20250323040956_0046_T.JPG,Flight06,e0908cfc77561a1f
DJI_20250323040958_0047_T.JPG,Flight06,f23e738ac83f0b24
DJI_20250323041000_0048_T.JPG,Flight06,b539c857d08e26f2
DJI_20250323041002_0049_T.JPG,Flight06,b749d232ae37c10d
DJI_20250323041004_0050_T.JPG,Flight06,bf4bd212ae34c11d
DJI_20250323041006_0051_T.JPG,Flight06,b7d2551a9e2ee0b0
DJI_20250323041008_0052_T.JPG,Flight06,b34c6de15997305a
DJI_20250323041010_0053_T.JPG,Flight06,926ca11e276997ba
DJI_20250323041012_0054_T.JPG,Flight06,926cb95e2549976a
DJI_20250323041014_0055_T.JPG,Flight06,bab1ada56e545548
DJI_20250323041016_0056_T.JPG,Flight06,9195a6da9dab844d
DJI_20250323041018_0057_T.JPG,Flight06,916b597652a7521b
DJI_20250323041020_0058_T.JPG,Flight06,9a6aa28d75825dad
DJI_20250323041022_0059_T.JPG,Flight06,aa239552ae539e1d
DJI_20250323041024_0060_T.JPG,Flight06,aa95d1e87c3a1c9c
DJI_20250323041026_0061_T.JPG,Flight06,8bde6e17442c1d65
DJI_20250323041028_0062_T.JPG,Flight06,8969818a072ffdda
DJI_20250323041030_0063_T.JPG,Flight06,8984be78d007df63
DJI_20250323041032_0064_T.JPG,Flight06,911e71877e408f1f
DJI_20250323041034_0065_T.JPG,Flight06,9424edc8d9528f3e
DJI_20250323041036_0066_T.JPG,Flight06,b569cb72e8d89262
DJI_20250323041038_0067_T.JPG,Flight06,a8cad4ad356d6724
DJI_20250323041040_0068_T.JPG,Flight06,e2851553ff3da490
DJI_20250323041042_0069_T.JPG,Flight06,8195dadc837f81d8
DJI_20250323041044_0070_T.JPG,Flight06,80dfca32ca0b3b6b
DJI_20250323041046_0071_T.JPG,Flight06,84ea2e85d4d23b6d
DJI_20250323041048_0072_T.JPG,Flight06,80aa957b2dd62b66
DJI_20250323041050_0073_T.JPG,Flight06,82916b47d98f8eaa
DJI_20250323041052_0074_T.JPG,Flight06,815f84bc6279ca6b
DJI_20250323041054_0075_T.JPG,Flight06,895eb46a71ab3594
DJI_20250323041056_0076_T.JPG,Flight06,895cf463d1aa359c
DJI_20250323041058_0077_T.JPG,Flight06,c914e661b3a7749a
DJI_20250323041100_0078_T.JPG,Flight06,d82727183b4fce31
DJI_20250323041102_0079_T.JPG,Flight06,dc2718c4e738ce39
DJI_20250323041104_0080_T.JPG,Flight06,f42398e7384db3c1
DJI_20250329213236_0094_T.JPG,Flight07,da5738ab3c139a19
DJI_20250329213238_0095_T.JPG,Flight07,db7a2d96d0ec6412
DJI_20250329213240_0096_T.JPG,Flight07,db3aadd2e8653209
DJI_20250329213242_0097_T.JPG,Flight07,e6cd2f9832d89296
DJI_20250329213244_0098_T.JPG,Flight07,e6999a9888abe9aa
DJI_20250329213246_0099_T.JPG,Flight07,e3c98864b755d25c
DJI_20250329213248_0100_T.JPG,Flight07,e3c8c866b752965c
DJI_20250329213250_0101_T.JPG,Flight07,bbc4471b3700d86f
DJI_20250329213252_0102_T.JPG,Flight07,b8e50e874b3b046f
DJI_20250329213254_0103_T.JPG,Flight07,af2f23dbd241062d
DJI_20250329213256_0104_T.JPG,Flight07,af4bdad69791220a
DJI_20250329213258_0105_T.JPG,Flight07,a24bb52eeed2d0c1
DJI_20250329213300_0106_T.JPG,Flight07,ea5ea5c81029dbe5
DJI_20250329213302_0107_T.JPG,Flight07,ea858a1dff72048e
DJI_20250329213304_0108_T.JPG,Flight07,e31839e38cd9ee06
DJI_20250329213306_0109_T.JPG,Flight07,e13ce1c533dc9562
DJI_20250329213308_0110_T.JPG,Flight07,fe76d03ee84cc029
DJI_20250329213310_0111_T.JPG,Flight07,fff8e07013246ab1
DJI_20250329213312_0112_T.JPG,Flight07,ff7c1103a3d0a2f1
DJI_20250329213314_0113_T.JPG,Flight07,ff3e1103e0e8a699
DJI_20250329213316_0114_T.JPG,Flight07,ee07f1845bf3900d
DJI_20250329213330_0121_T.JPG,Flight07,b89ed594ab13da81
DJI_20250329213332_0122_T.JPG,Flight07,aec5e0e8dcb5caa0
DJI_20250329213334_0123_T.JPG,Flight07,e3e19f9c9886a760
DJI_20250329213336_0124_T.JPG,Flight07,e0dc97b1ac4cc374
DJI_20250329213338_0125_T.JPG,Flight07,fa93a4cf912e445a
DJI_20250329213340_0126_T.JPG,Flight07,cbb4645aa79d6215
DJI_20250329213342_0127_T.JPG,Flight07,f93648ac4c2e63bc
DJI_20250329213344_0128_T.JPG,Flight07,fe2f2a0ac8673994
DJI_20250329213346_0129_T.JPG,Flight07,f6268adcf49cc261
DJI_20250329213348_0130_T.JPG,Flight07,f72e8ad6b4dc4221
DJI_20250329213350_0131_T.JPG,Flight07,ed8b9c75a5855213
DJI_20250329213352_0132_T.JPG,Flight07,e48e90b1bbb4d649
DJI_20250329213354_0133_T.JPG,Flight07,e48eb895a6499b93
DJI_20250329213356_0134_T.JPG,Flight07,e48eb895e6499599
DJI_20250329213358_0135_T.JPG,Flight07,a2df6a23cf1c41e8
DJI_20250329213400_0136_T.JPG,Flight07,a5d529df698e42a8
DJI_20250329213402_0137_T.JPG,Flight07,d5aa2895779043bd
DJI_20250329213404_0138_T.JPG,Flight07,c1ad54c2a562f13f
DJI_20250329213406_0139_T.JPG,Flight07,c406474f4be3f0b9
DJI_20250329213408_0140_T.JPG,Flight07,c56238bdde42e135
DJI_20250329213410_0141_T.JPG,Flight07,f03e9e60b6cab01e
DJI_20250329213412_0142_T.JPG,Flight07,fa0ec57ce4e28c52
DJI_20250329213423_0147_T.JPG,Flight07,bd6cc1c13c2e87b2
DJI_20250329213424_0148_T.JPG,Flight07,ad6dd11696c2d80f
DJI_20250329213426_0149_T.JPG,Flight07,af65d116c2f82d61
DJI_20250329213428_0150_T.JPG,Flight07,a497dbcef8e0d804
DJI_20250329213430_0151_T.JPG,Flight07,b6dbcee00116525f
DJI_20250329213432_0152_T.JPG,Flight07,b999d848eda6125d
DJI_20250329213434_0153_T.JPG,Flight07,9c9d62b3c866d1cc
DJI_20250329213436_0154_T.JPG,Flight07,8ee070ce3e0e39ce
DJI_20250329213438_0155_T.JPG,Flight07,877b1fc8f80602f9
DJI_20250329213440_0156_T.JPG,Flight07,9f5fe65180d94958
DJI_20250329213442_0157_T.JPG,Flight07,9e574008a38bcf6f
DJI_20250329213444_0158_T.JPG,Flight07,ca4e2d917fd0c51c
DJI_20250329213446_0159_T.JPG,Flight07,c85db45cdce50f81
DJI_20250329213448_0160_T.JPG,Flight07,c85db45ecca50fd0
DJI_20250329213450_0161_T.JPG,Flight07,e88e6aaea50d51c7
DJI_20250329213452_0162_T.JPG,Flight07,ee29389c5f870e85
DJI_20250329213454_0163_T.JPG,Flight07,e5299445a1f0f8fa
DJI_20250329213456_0164_T.JPG,Flight07,e5399671b0783a1e
DJI_20250329213458_0165_T.JPG,Flight07,fcc9ad29836a866c
DJI_20250329213500_0166_T.JPG,Flight07,e98d1bd6961ce246
DJI_20250329213502_0167_T.JPG,Flight07,ec9983ac6906fcd2
DJI_20250329213504_0168_T.JPG,Flight07,ec89a612db34379a
DJI_20250329213506_0169_T.JPG,Flight07,e4b1195ce7cc524d
DJI_20250329213508_0170_T.JPG,Flight07,fa5c46633da55223
DJI_20250329213510_0171_T.JPG,Flight07,ff4da11cc47ab450
DJI_20250329213512_0172_T.JPG,Flight07,ff4fa11cca389542
DJI_20250329214407_0001_T.JPG,Flight07,b666c53954ec3985
DJI_20250329214408_0002_T.JPG,Flight07,b666c939d4a199c5
DJI_20250329214410_0003_T.JPG,Flight07,a46cc1ba368559af
DJI_20250329214412_0004_T.JPG,Flight07,e8958565987d63c9
DJI_20250329214414_0005_T.JPG,Flight07,a08c863e97384fde
DJI_20250329214416_0006_T.JPG,Flight07,e1969929149d4b6f
DJI_20250329214426_0011_T.JPG,Flight07,ecc0e460f19db13d
DJI_20250329214428_0012_T.JPG,Flight07,eee6a93968c9a123
DJI_20250329214430_0013_T.JPG,Flight07,e6e31bd29bc98922
DJI_20250329214432_0014_T.JPG,Flight07,e6939c25529da36c
DJI_20250329214434_0015_T.JPG,Flight07,e23c2c1a24c3eb7b
DJI_20250329214436_0016_T.JPG,Flight07,e63c8ae738a4cbb0
DJI_20250329214438_0017_T.JPG,Flight07,eeecc25cda6083e1
DJI_20250329214440_0018_T.JPG,Flight07,ecc789349339b3a2
DJI_20250329214442_0019_T.JPG,Flight07,ee33b2e8c4c9a163
DJI_20250329214444_0020_T.JPG,Flight07,eeb78c8d1f1c98a0
DJI_20250329214446_0021_T.JPG,Flight07,ee1f8d8d1f38b820
DJI_20250329214448_0022_T.JPG,Flight07,ead618486dace556
DJI_20250329214450_0023_T.JPG,Flight07,f6daa976c81b8039
DJI_20250329214452_0024_T.JPG,Flight07,f69bc9cd37702098
DJI_20250329214454_0025_T.JPG,Flight07,f299cd3731b88985
DJI_20250329214456_0026_T.JPG,Flight07,fbb2cc10e588716b
DJI_20250329214458_0027_T.JPG,Flight07,fb8e14e358b58a62
DJI_20250329214500_0028_T.JPG,Flight07,bbb5d2946255ea48
DJI_20250329214502_0029_T.JPG,Flight07,a0c4d8592b275f9e
DJI_20250329214504_0030_T.JPG,Flight07,80c03bafd12f17cb
DJI_20250329214506_0031_T.JPG,Flight07,80585fe92ff40df0
DJI_20250329214508_0032_T.JPG,Flight07,c07d2d345b1b1753
DJI_20250329214510_0033_T.JPG,Flight07,c83f13fba409135b
DJI_20250329214512_0034_T.JPG,Flight07,ad3fa52d92a51165
DJI_20250329214514_0035_T.JPG,Flight07,bda4d052eafb0945
DJI_20250329214516_0036_T.JPG,Flight07,bcd2eba994da9105
DJI_20250329214518_0037_T.JPG,Flight07,b86ba5d2ad965924
DJI_20250329214520_0038_T.JPG,Flight07,b0a5d55fd14b1c68
DJI_20250329214522_0039_T.JPG,Flight07,a5add696b2d14ce0
DJI_20250329214524_0040_T.JPG,Flight07,a494d249d5ab65ab
DJI_20250329214526_0041_T.JPG,Flight07,a490e9e8d878eb1b
DJI_20250329214528_0042_T.JPG,Flight07,a4c9cb958ff0f098
DJI_20250329214530_0043_T.JPG,Flight07,adcb9e95e8f09a04
DJI_20250329214532_0044_T.JPG,Flight07,a5c4caf4b2bdd091
DJI_20250329214534_0045_T.JPG,Flight07,b5b45a08ac9fc98d
DJI_20250329214536_0046_T.JPG,Flight07,b69e4ba762a24387
DJI_20250329214538_0047_T.JPG,Flight07,b6cb633189dc3c1c
DJI_20250329214540_0048_T.JPG,Flight07,b6cb61b08c7c3c1e
DJI_20250329214542_0049_T.JPG,Flight07,cdd8b3b71ce3000f
DJI_20250329214544_0050_T.JPG,Flight07,ced392202fd903fc
DJI_20250329214546_0051_T.JPG,Flight07,da926dcd262c89ec
DJI_20250329214548_0052_T.JPG,Flight07,ca6d2c9299266db6
DJI_20250329214550_0053_T.JPG,Flight07,d83c3327038fccdc
DJI_20250329214552_0054_T.JPG,Flight07,dc37c7ec3a0386c8
DJI_20250329214554_0055_T.JPG,Flight07,fea3c011c0fac6da
DJI_20250329214556_0056_T.JPG,Flight07,ddc8cd6f30328e4c
DJI_20250329214558_0057_T.JPG,Flight07,d96d3680cd70de23
DJI_20250329214600_0058_T.JPG,Flight07,e93ac8e98bccde01
DJI_20250329214602_0059_T.JPG,Flight07,f9a0b736e0caca1c
DJI_20250329214604_0060_T.JPG,Flight07,adb7d2ca05cc0e35
DJI_20250329214606_0061_T.JPG,Flight07,b7c20835d3e30ea7
DJI_20250329214608_0062_T.JPG,Flight07,f34871c80cd32de7
DJI_20250329214610_0063_T.JPG,Flight07,eb7137331a490e8e
DJI_20250329214612_0064_T.JPG,Flight07,e9358eccb1390cb6
DJI_20250329214614_0065_T.JPG,Flight07,f52cc04a8eb99bb1
DJI_20250329214616_0066_T.JPG,Flight07,bd34d91eb16244ae
